{
    "quiz": [
        {
            "question": "What country is sushi from ?",
            "content": [
                "Thailand",
                "Japan",
                "India",
                "France"
            ],
            "correct": "b"
        },
        {
            "question": "According to the Old Testament, how many days did it take for God to create the world?",
            "content": [
                "1",
                "6",
                "7",
                "11"
            ],
            "correct": "b"
        },
        {
            "question": "What is the world's most populous country?",
            "content": [
                "China",
                "America",
                "India",
                "Brazil"
            ],
            "correct": "a"
        },
        {
            "question": "What percentage of the earth's surface is water?",
            "content": [
                "10%",
                "55%",
                "70%",
                "85%"
            ],
            "correct": "c"
        },
        {
            "question": "When should you take antibiotics?",
            "content": [
                "Never",
                "For viruses",
                "For bacterial infection",
                "Whenever sick"
            ],
            "correct": "c"
        },
        {
            "question": "How many moons does the earth have?",
            "content": [
                "0",
                "1",
                "2",
                "4"
            ],
            "correct": "b"
        },
        {
            "question": "Roughly how many countries are there in the world?",
            "content": [
                "50",
                "100",
                "200",
                "500"
            ],
            "correct": "c"
        },
        {
            "question": "Which of these is not a major world ocean?",
            "content": [
                "Arctic",
                "Pacific",
                "Indian",
                "American"
            ],
            "correct": "d"
        },
        {
            "question": "What is the offical language of the USA?",
            "content": [
                "English",
                "Spanish",
                "Latin",
                "There isn't one"
            ],
            "correct": "d"
        },
        {
            "question": "How many planets in the solar system?",
            "content": [
                "2",
                "8",
                "9",
                "11"
            ],
            "correct": "b"
        },
        {
            "question": "Where is the country Egypt?",
            "content": [
                "Europe",
                "Asia",
                "South America",
                "Africa"
            ],
            "correct": "d"
        },
        {
            "question": "The Koran is the holy book of which religion?",
            "content": [
                "Christianity",
                "Hinduism",
                "Judaism",
                "Islam"
            ],
            "correct": "d"
        },
        {
            "question": "What is the longest river in the world?",
            "content": [
                "Ganges",
                "Lough Swilly",
                "Nile",
                "Delaware"
            ],
            "correct": "c"
        },
        {
            "question": "If a religion is polytheistic, it has: ",
            "content": [
                "1 God",
                "Angels",
                "Martyrs",
                "Multiple Gods"
            ],
            "correct": "d"
        },
        {
            "question": "Which of the following things causes autism?",
            "content": [
                "Genetic factors",
                "Vaccines",
                "The common cold",
                "Spicy foods during pregnancy"
            ],
            "correct": "a"
        },
        {
            "question": "Which is the worlds largest desert?",
            "content": [
                "Gobi",
                "Mohave",
                "Thar",
                "Sahara"
            ],
            "correct": "d"
        },
        {
            "question": "Which language is English most closely related too?",
            "content": [
                "Russian",
                "German",
                "Spanish",
                "Gujarati"
            ],
            "correct": "b"
        },
        {
            "question": "What country does Yoga come from?",
            "content": [
                "India",
                "Japan",
                "Russia",
                "China"
            ],
            "correct": "a"
        },
        {
            "question": "Which country is not part of Scandinavia?",
            "content": [
                "Denmark",
                "Norway",
                "Sweden",
                "The Netherlands"
            ],
            "correct": "d"
        },
        {
            "question": "What country is shaped like a boot?",
            "content": [
                "Qatar",
                "Russia",
                "Germany",
                "Italy"
            ],
            "correct": "d"
        },
        {
            "question": "What % of the worlds population has red hair?",
            "content": [
                "1%",
                "2%",
                "5%",
                "20%"
            ],
            "correct": "b"
        },
        {
            "question": "The Roman numeral \"D\" indicates which number?",
            "content": [
                "1",
                "30",
                "90",
                "500"
            ],
            "correct": "d"
        },
        {
            "question": "On which continent is the country Burundi located?",
            "content": [
                "Europe",
                "Africa",
                "Asia",
                "South America"
            ],
            "correct": "b"
        },
        {
            "question": "In what year was the first Academy Award given?",
            "content": [
                "1900",
                "1929",
                "1971",
                "1979"
            ],
            "correct": "b"
        },
        {
            "question": "A group of jellyfish is called ______",
            "content": [
                "Colony",
                "Smack",
                "Caravan",
                "School"
            ],
            "correct": "b"
        },
        {
            "question": "Which country's national anthem has no words?",
            "content": [
                "Spain",
                "France",
                "Egypt",
                "Germany"
            ],
            "correct": "a"
        },
        {
            "question": "What territory became the 50th state of the US?",
            "content": [
                "Hawaii",
                "Texas",
                "Alaska",
                "Florida"
            ],
            "correct": "c"
        },
        {
            "question": "How many sides does a dodecagon have?",
            "content": [
                "12",
                "5",
                "6",
                "8"
            ],
            "correct": "a"
        },
        {
            "question": "What is the closest planet to the sun?",
            "content": [
                "Mars",
                "Earth",
                "Pluto",
                "Mercury"
            ],
            "correct": "d"
        },
        {
            "question": "What two numbers are found in binary code?",
            "content": [
                "9 & 10",
                "0 & 10",
                "15 & 20",
                "0 & 1"
            ],
            "correct": "d"
        },
        {
            "question": "What is the symbol for silver in the periodic table?",
            "content": [
                "Si",
                "Ag",
                "Sr",
                "Tn"
            ],
            "correct": "b"
        },
        {
            "question": "How many ounces in a pound?",
            "content": [
                "8",
                "12",
                "16",
                "24"
            ],
            "correct": "c"
        },
        {
            "question": "What is the largest known animal on earth?",
            "content": [
                "Blue Whale",
                "African Elephant",
                "Great white shark",
                "Leatherback Turtle"
            ],
            "correct": "a"
        },
        {
            "question": "What are the figures in Easter Island called?",
            "content": [
                "Moana",
                "Rapai",
                "Mayans",
                "Moai"
            ],
            "correct": "d"
        },
        {
            "question": "Which island nation is singer Rhianna from?",
            "content": [
                "Aruba",
                "Jamaica",
                "Barbados",
                "Haiti"
            ],
            "correct": "b"
        },
        {
            "question": "Which county is Bunratty Castle in?",
            "content": [
                "Cork",
                "Kerry",
                "Clare",
                "Mayo"
            ],
            "correct": "c"
        },
        {
            "question": "Entomology is the science that studies",
            "content": [
                "Behaviour of human beings",
                "Insects",
                "The origin and history of technical and scientific terms",
                "The formation of rocks"
            ],
            "correct": "b"
        },
        {
            "question": "For which of the following disciplines is Nobel Prize awarded?",
            "content": [
                "Physics and Chemistry",
                "Physiology or Medicine",
                "Literature, Peace and Economics",
                "All of the above"
            ],
            "correct": "d"
        },
        {
            "question": "Golf player Vijay Singh belongs to which country?",
            "content": [
                "USA",
                "Fiji",
                "USA",
                "UK"
            ],
            "correct": "b"
        },
        {
            "question": "Who won the most golf majors?",
            "content": [
                "Jack Nicklaus",
                "Tiger Woods",
                "Rory McIlroy",
                "Nick Faldo"
            ],
            "correct": "a"
        },

        {
            "question": "What is the best-selling Album of all time?",
            "content": [
                "ACDC - Back in Black",
                "Michael Jackson - Thriller",
                "Elton John - Made in England",
                "Take That - The Circus"
            ],
            "correct": "b"
        },
        {
            "question": "Who is the Patron Saint of Spain?",
            "content": [
                "St John",
                "St George",
                "St Peter",
                "St James"
            ],
            "correct": "d"
        },
        {
            "question": "In Snooker what is the quickest time recorded for a 147 maximum break?",
            "content": [
                "6 Minutes 53 seconds",
                "5 Minutes 20 Seconds",
                "4 Minutes 54 seconds",
                "5 Minutes 43 seconds"
            ],
            "correct": "b"
        },
        {
            "question": "Whos motto is: Better to light a candle than curse the darkness?",
            "content": [
                "Amnesty International",
                "IBM",
                "Microsoft",
                "Honda"
            ],
            "correct": "a"
        },
        {
            "question": "Whos motto is: Just Do It?",
            "content": [
                "Adidas",
                "Reebok",
                "Nike",
                "Puma"
            ],
            "correct": "c"
        },
        {
            "question": "which of these are disadvantages of server-side processing of web pages?",
            "content": [
                "Speed",
                "Efficiency",
                "Browser compatibility",
                "Security"
            ],
            "correct": "d"
        },
        {
            "question": "A baker's dozen is ?",
            "content": [
                "12",
                "14",
                "6",
                "13"
            ],
            "correct": "d"
        },
        {
            "question": "James Bond works for ?",
            "content": [
                "FBI",
                "MI6",
                "IRA",
                "CIA"
            ],
            "correct": "b"
        },
        {
            "question": "One kilometre is how many millimetres ?",
            "content": [
                "10,000",
                "100,000",
                "1,000,000",
                "1000"
            ],
            "correct": "c"
        },
        {
            "question": "What is a female deer called ?",
            "content": [
                "Stag",
                "Doe",
                "Deer",
                "Buck"
            ],
            "correct": "b"
        },
        {
            "question": "What was Al Capone's nickname ?",
            "content": [
                "The Big Boss",
                "Lucky",
                "Scarface",
                "Babyface"
            ],
            "correct": "c"
        }
    ]
}