[{
			"index": 0,
			"name": {
				"first": "Donovan",
				"last": "Rasmussen"
			},
			"age": 35,
			"company": "ZILLATIDE",
			"email": "donovan.rasmussen@zillatide.biz",
			"phone": "+1 (945) 410-2518",
			"address": "788 Stockton Street, Kylertown, Alaska, 8678",
			"friends": [{
					"id": 0,
					"name": "Jennifer Caldwell"
				},
				{
					"id": 1,
					"name": "Gracie Barker"
				},
				{
					"id": 2,
					"name": "Lorene Hebert"
				}
			]
		},
		{
			"index": 1,
			"name": {
				"first": "Rose",
				"last": "Collier"
			},
			"age": 21,
			"company": "DOGSPA",
			"email": "rose.collier@dogspa.io",
			"phone": "+1 (964) 533-3137",
			"address": "602 Macdougal Street, Snowville, Hawaii, 7493",
			"friends": [{
					"id": 0,
					"name": "Lynn Terry"
				},
				{
					"id": 1,
					"name": "Myrna Summers"
				},
				{
					"id": 2,
					"name": "Paulette Long"
				}
			]
		},
		{
			"index": 2,
			"name": {
				"first": "Jaime",
				"last": "Cleveland"
			},
			"age": 36,
			"company": "ZAGGLE",
			"email": "jaime.cleveland@zaggle.biz",
			"phone": "+1 (895) 442-3207",
			"address": "109 Ludlam Place, Neibert, Minnesota, 8333",
			"friends": [{
					"id": 0,
					"name": "Cash Strickland"
				},
				{
					"id": 1,
					"name": "Tillman Gates"
				},
				{
					"id": 2,
					"name": "Delaney Harvey"
				}
			]
		},
		{
			"index": 3,
			"name": {
				"first": "Bowman",
				"last": "Berry"
			},
			"age": 32,
			"company": "SKINSERVE",
			"email": "bowman.berry@skinserve.us",
			"phone": "+1 (895) 469-3142",
			"address": "690 Agate Court, Orick, Arizona, 2551",
			"friends": [{
					"id": 0,
					"name": "Johnnie Coffey"
				},
				{
					"id": 1,
					"name": "Estela Moses"
				},
				{
					"id": 2,
					"name": "Burks Luna"
				}
			]
		},
		{
			"index": 4,
			"name": {
				"first": "Clay",
				"last": "Salinas"
			},
			"age": 38,
			"company": "KLUGGER",
			"email": "clay.salinas@klugger.org",
			"phone": "+1 (908) 587-2117",
			"address": "813 Cox Place, Ezel, Alabama, 7799",
			"friends": [{
					"id": 0,
					"name": "Kerri Webster"
				},
				{
					"id": 1,
					"name": "Jeanne Cochran"
				},
				{
					"id": 2,
					"name": "Roberts Fields"
				}
			]
		},
		{
			"index": 5,
			"name": {
				"first": "Barker",
				"last": "Farley"
			},
			"age": 28,
			"company": "IDETICA",
			"email": "barker.farley@idetica.net",
			"phone": "+1 (832) 466-2185",
			"address": "934 Manor Court, Roy, Tennessee, 6490",
			"friends": [{
					"id": 0,
					"name": "Morin Nunez"
				},
				{
					"id": 1,
					"name": "Reilly Richards"
				},
				{
					"id": 2,
					"name": "Abbott Bray"
				}
			]
		},
		{
			"index": 6,
			"name": {
				"first": "Charmaine",
				"last": "Graves"
			},
			"age": 23,
			"company": "MATRIXITY",
			"email": "charmaine.graves@matrixity.name",
			"phone": "+1 (931) 461-3855",
			"address": "293 Vermont Street, Grazierville, Mississippi, 4090",
			"friends": [{
					"id": 0,
					"name": "Rivas Diaz"
				},
				{
					"id": 1,
					"name": "Zimmerman Kirk"
				},
				{
					"id": 2,
					"name": "Janna Holden"
				}
			]
		}
	]
