[
    {
        "index": 0,
        "name": {
            "first": "Donovan",
            "last": "Rasmussen"
        },
        "age": 25,
        "email": "donovan.rasmussen@golf.biz",
        "gender": "male",
        "handicap": 15
    },
    {
        "index": 1,
        "name": {
            "first": "Rose",
            "last": "Collier"
        },
        "age": 31,
        "email": "rose.collier@golf.biz",
        "gender": "female",
        "handicap": 5
    },
    {
        "index": 2,
        "name": {
            "first": "Jaime",
            "last": "Cleveland"
        },
        "age": 40,
        "email": "jaime.cleveland@golf.biz",
        "gender": "male",
        "handicap": 21
    },
    {
        "index": 3,
        "name": {
            "first": "Bowman",
            "last": "Berry"
        },
        "age": 29,
        "email": "bowman.berry@golf.biz",
        "gender": "other",
        "handicap": 9
    },
    {
        "index": 4,
        "name": {
            "first": "Clay",
            "last": "Salinas"
        },
        "age": 32,
        "email": "clay.salinas@golf.biz",
        "gender": "male",
        "handicap": 14
    },
    {
        "index": 5,
        "name": {
            "first": "Annie",
            "last": "Farley"
        },
        "age": 41,
        "email": "annie.farley@golf.biz",
        "gender": "female",
        "handicap": 15
    }
]