[
    {
      "teamcode": "ARS",
      "name": "Arsenal",
      "stadium": "Emirates Stadium",
      "capacity": "60361",
      "latitude": "51.5549",
      "longitude": "-0.108436"
    },
    {
      "teamcode": "AST",
      "name": "Aston Villa",
      "stadium": "Villa Park",
      "capacity": "42788",
      "latitude": "52.5092",
      "longitude": "-1.88508"
    },
    {
      "teamcode": "BIR",
      "name": "Birmingham",
      "stadium": "St Andrews",
      "capacity": "30009",
      "latitude": "52.4756",
      "longitude": "-1.86824"
    },
    {
      "teamcode": "BLN",
      "name": "Blackburn",
      "stadium": "Ewood Park",
      "capacity": "31154",
      "latitude": "53.7286",
      "longitude": "-2.48937"
    },
    {
      "teamcode": "BLL",
      "name": "Blackpool",
      "stadium": "Bloomfield Road",
      "capacity": "16220",
      "latitude": "53.8046",
      "longitude": "-3.04834"
    },
    {
      "teamcode": "BOL",
      "name": "Bolton",
      "stadium": "University of Bolton Stadium",
      "capacity": "28723",
      "latitude": "53.5805",
      "longitude": "-2.53571"
    },
    {
      "teamcode": "BOU",
      "name": "Bournemouth",
      "stadium": "Seward Stadium",
      "capacity": "10700",
      "latitude": "50.7352",
      "longitude": "-1.83839"
    },
    {
      "teamcode": "BRI",
      "name": "Brighton",
      "stadium": "Amex Stadium",
      "capacity": "22374",
      "latitude": "50.8609",
      "longitude": "-0.08014"
    },
    {
      "teamcode": "BUR",
      "name": "Burnley",
      "stadium": "Turf Moor",
      "capacity": "22546",
      "latitude": "53.7888",
      "longitude": "-2.23018"
    },
    {
      "teamcode": "CAR",
      "name": "Cardiff",
      "stadium": "Cardiff City Stadium",
      "capacity": "26828",
      "latitude": "51.4729",
      "longitude": "-3.20413"
    },
    {
      "teamcode": "CHE",
      "name": "Chelsea",
      "stadium": "Stamford Bridge",
      "capacity": "41837",
      "latitude": "51.4816",
      "longitude": "-0.191034"
    },
    {
      "teamcode": "CRY",
      "name": "Crystal Palace",
      "stadium": "Selhurst Park",
      "capacity": "26309",
      "latitude": "51.3983",
      "longitude": "-0.085455"
    },
    {
      "teamcode": "EVE",
      "name": "Everton",
      "stadium": "Goodison Park",
      "capacity": "40157",
      "latitude": "53.4387",
      "longitude": "-2.96619"
    },
    {
      "teamcode": "FUL",
      "name": "Fulham",
      "stadium": "Craven Cottage",
      "capacity": "25700",
      "latitude": "51.4749",
      "longitude": "-0.221619"
    },
    {
      "teamcode": "HUD",
      "name": "Huddersfield",
      "stadium": "The Galpharm Stadium",
      "capacity": "24500",
      "latitude": "53.6543",
      "longitude": "-1.76837"
    },
    {
      "teamcode": "HUL",
      "name": "Hull",
      "stadium": "KC Stadium",
      "capacity": "25586",
      "latitude": "53.7465",
      "longitude": "-0.368009"
    },
    {
      "teamcode": "LEI",
      "name": "Leicester",
      "stadium": "King Power Stadium",
      "capacity": "32262",
      "latitude": "52.6203",
      "longitude": "-1.14217"
    },
    {
      "teamcode": "LIV",
      "name": "Liverpool",
      "stadium": "Anfield",
      "capacity": "45522",
      "latitude": "53.4308",
      "longitude": "-2.96096"
    },
    {
      "teamcode": "MCI",
      "name": "Man City",
      "stadium": "Etihad Stadium",
      "capacity": "47805",
      "latitude": "53.483",
      "longitude": "-2.20024"
    },
    {
      "teamcode": "MAN",
      "name": "Man United",
      "stadium": "Old Trafford",
      "capacity": "75811",
      "latitude": "53.4631",
      "longitude": "-2.29139"
    },
    {
      "teamcode": "MID",
      "name": "Middlesbrough",
      "stadium": "Riverside",
      "capacity": "34988",
      "latitude": "54.5781",
      "longitude": "-1.21776"
    },
    {
      "teamcode": "NEW",
      "name": "Newcastle",
      "stadium": "St James Park",
      "capacity": "52387",
      "latitude": "54.9756",
      "longitude": "-1.62179"
    },
    {
      "teamcode": "NOR",
      "name": "Norwich",
      "stadium": "Carrow Road",
      "capacity": "27033",
      "latitude": "52.6221",
      "longitude": "1.30912"
    },
    {
      "teamcode": "QPR",
      "name": "QPR",
      "stadium": "Loftus Road",
      "capacity": "18360",
      "latitude": "51.5093",
      "longitude": "-0.232204"
    },
    {
      "teamcode": "REA",
      "name": "Reading",
      "stadium": "Madjeski Stadium",
      "capacity": "24161",
      "latitude": "51.4222",
      "longitude": "-0.982777"
    },
    {
      "teamcode": "SHE",
      "name": "Sheffield United",
      "stadium": "Bramall Lane",
      "capacity": "32702",
      "latitude": "53.3703",
      "longitude": "-1.47083"
    },
    {
      "teamcode": "SOU",
      "name": "Southampton",
      "stadium": "St Mary's Stadium",
      "capacity": "32689",
      "latitude": "50.9058",
      "longitude": "-1.39114"
    },
    {
      "teamcode": "STO",
      "name": "Stoke",
      "stadium": "Britannia Stadium",
      "capacity": "27902",
      "latitude": "52.9884",
      "longitude": "-2.17542"
    },
    {
      "teamcode": "SUN",
      "name": "Sunderland",
      "stadium": "Stadium of Light",
      "capacity": "49000",
      "latitude": "54.9146",
      "longitude": "-1.38837"
    },
    {
      "teamcode": "SWA",
      "name": "Swansea",
      "stadium": "Liberty Stadium",
      "capacity": "20532",
      "latitude": "51.6428",
      "longitude": "-3.93473"
    },
    {
      "teamcode": "TOT",
      "name": "Tottenham",
      "stadium": "Tottenham Hotspur Stadium",
      "capacity": "62303",
      "latitude": "51.6044",
      "longitude": "-0.066389"
    },
    {
      "teamcode": "WAT",
      "name": "Watford",
      "stadium": "Vicarage Road",
      "capacity": "17477",
      "latitude": "51.6498",
      "longitude": "-0.401569"
    },
    {
      "teamcode": "WBA",
      "name": "West Brom",
      "stadium": "The Hawthorns",
      "capacity": "26272",
      "latitude": "52.509",
      "longitude": "-1.96418"
    },
    {
      "teamcode": "WHM",
      "name": "West Ham",
      "stadium": "Olympic Stadium",
      "capacity": "60000",
      "latitude": "51.5383",
      "longitude": "-0.016587"
    },
    {
      "teamcode": "WIG",
      "name": "Wigan",
      "stadium": "DW Stadium",
      "capacity": "25138",
      "latitude": "53.5477",
      "longitude": "-2.65415"
    },
    {
      "teamcode": "WOL",
      "name": "Wolves",
      "stadium": "Molineux",
      "capacity": "27828",
      "latitude": "52.5904",
      "longitude": "-2.13061"
    }
]